{
  "1_1": {
    "ridge_weight": 0.5336843513034375,
    "lgbm_weight": 0.46631564869656245
  },
  "1_2": {
    "ridge_weight": 0.6049843572383111,
    "lgbm_weight": 0.395015642761689
  },
  "1_3": {
    "ridge_weight": 0.4934469579636051,
    "lgbm_weight": 0.5065530420363948
  },
  "1_4": {
    "ridge_weight": 0.6514595332456224,
    "lgbm_weight": 0.3485404667543775
  },
  "1_5": {
    "ridge_weight": 0.7179744954546576,
    "lgbm_weight": 0.28202550454534236
  },
  "2_1": {
    "ridge_weight": 0.6998410940364354,
    "lgbm_weight": 0.30015890596356465
  },
  "2_2": {
    "ridge_weight": 0.43153849690198864,
    "lgbm_weight": 0.5684615030980112
  },
  "2_3": {
    "ridge_weight": 0.5796010649475881,
    "lgbm_weight": 0.42039893505241194
  },
  "3_1": {
    "ridge_weight": 0.2649994010177894,
    "lgbm_weight": 0.7350005989822106
  },
  "3_2": {
    "ridge_weight": 0.5193210914268621,
    "lgbm_weight": 0.48067890857313783
  }
}